{"1.0": [2.4974, 1.458087255169841], "2.0": [16.413, 3.2611896712111985], "3.0": [15.2198, 5.010958980273184], "4.0": [11.2412, 5.042153034314255], "5.0": [8.3366, 4.375194727755723], "6.0": [6.4, 3.7357182867855467], "7.0": [5.3366, 3.2594823645875377], "8.0": [4.4398, 2.824459501266588], "9.0": [3.9388, 2.550206907498795], "10.0": [3.5182, 2.3297970621644977], "11.0": [3.1864, 2.0713553878145694], "12.0": [2.9758, 1.9249819404592137], "13.0": [2.7488, 1.824051532385662], "14.0": [2.587, 1.6802963069458587], "15.0": [2.4356, 1.5875631361751366], "16.0": [2.3338, 1.4828409636453441], "17.0": [2.205, 1.4406214207818802], "18.0": [2.1358, 1.3367556781807848], "19.0": [2.0888, 1.3148613356800638], "20.0": [1.9742, 1.225167158763828], "21.0": [1.9332, 1.1871898095623985], "22.0": [1.8658, 1.1297989419050645], "23.0": [1.82, 1.1024713550100858], "24.0": [1.7824, 1.069242206321444], "25.0": [1.7376, 1.0496507006231504], "26.0": [1.7082, 1.0268708062509835], "27.0": [1.6802, 0.9759705239876747], "28.0": [1.6278, 0.9369326168651427], "29.0": [1.6046, 0.9031179127848233], "30.0": [1.5892, 0.8862282099369225], "31.0": [1.5674, 0.86579856862455], "32.0": [1.5366, 0.8414285711859598], "33.0": [1.5216, 0.8102251125129125], "34.0": [1.5272, 0.8274038188308198], "35.0": [1.491, 0.8102161995776401], "36.0": [1.4528, 0.77142153083491], "37.0": [1.4612, 0.7556512169991725], "38.0": [1.443, 0.7381463079867346], "39.0": [1.4522, 0.7661805051770353], "40.0": [1.4464, 0.7515583862891914], "41.0": [1.4152, 0.7172948224910756], "42.0": [1.413, 0.7097406190639091], "43.0": [1.392, 0.7172439527646994], "44.0": [1.3988, 0.6970335222542758], "45.0": [1.3668, 0.6755361054791469], "46.0": [1.3612, 0.6773672012026255], "47.0": [1.3508, 0.6674042595677057], "48.0": [1.3566, 0.6602451247263939], "49.0": [1.3514, 0.649925011446765], "50.0": [1.3364, 0.6419637555911268], "51.0": [1.3254, 0.6465279883252966], "52.0": [1.3342, 0.6457505391029311], "53.0": [1.3094, 0.6246196201961698], "54.0": [1.3038, 0.6183704685763007], "55.0": [1.2944, 0.5917758695114014], "56.0": [1.2934, 0.5829102820154743], "57.0": [1.29, 0.5912443775485908], "58.0": [1.2922, 0.5899904895466883], "59.0": [1.2866, 0.5814878034947426], "60.0": [1.2738, 0.5682412688532397], "61.0": [1.2652, 0.5572531437445974], "62.0": [1.2592, 0.5477913608985036], "63.0": [1.2696, 0.5676092635389518], "64.0": [1.2532, 0.5339913757336037], "65.0": [1.262, 0.5479197415759135], "66.0": [1.2462, 0.5325807811569178], "67.0": [1.232, 0.5105175076577982], "68.0": [1.2234, 0.4987406023552522], "69.0": [1.2334, 0.5209402228117264], "70.0": [1.234, 0.5227797430390192], "71.0": [1.2244, 0.5103888119344595], "72.0": [1.2136, 0.49721673835158725], "73.0": [1.2098, 0.47647598667002256], "74.0": [1.2244, 0.5154588049067609], "75.0": [1.2212, 0.5102182126550485], "76.0": [1.2048, 0.4746598997219693], "77.0": [1.2178, 0.49275929452876954], "78.0": [1.2166, 0.49328805643488477], "80": [1.1984, 0.46848835232824515]}